{
  "best_epoch": 44,
  "best_monitor_value": 0.5918073149296956,
  "monitor_name": "val_pr_auc",
  "val_metrics": {
    "pr_auc": 0.5918073149296956,
    "roc_auc": 0.7560616932353933,
    "f1": 0.5198175635310878,
    "mcc": 0.25350084501008224,
    "precision": 0.36292735356949013,
    "recall": 0.9156407886837508,
    "signal_recall_at_0.30": 0.5184826674401506,
    "signal_recall_at_0.50": 0.7252507639277692,
    "signal_recall_at_0.70": 0.8730008027143888,
    "loss": 0.2633975855545631
  },
  "test_metrics": {
    "pr_auc": 0.5693619543585176,
    "roc_auc": 0.7616871991516501,
    "f1": 0.5038679860694633,
    "mcc": 0.2715202232110294,
    "precision": 0.3525328872301112,
    "recall": 0.882862765702487,
    "signal_recall_at_0.30": 0.5316561583983187,
    "signal_recall_at_0.50": 0.7402130228785281,
    "signal_recall_at_0.70": 0.8833697435613812,
    "loss": 0.31756238586570057
  },
  "val_confusion_matrix": {
    "threshold": 0.3,
    "tn": 462266,
    "fp": 953104,
    "fn": 50024,
    "tp": 542964,
    "matrix": [
      [
        462266,
        953104
      ],
      [
        50024,
        542964
      ]
    ]
  },
  "test_confusion_matrix": {
    "threshold": 0.3,
    "tn": 478182,
    "fp": 703631,
    "fn": 50831,
    "tp": 383113,
    "matrix": [
      [
        478182,
        703631
      ],
      [
        50831,
        383113
      ]
    ]
  },
  "threshold_for_binary_metrics": 0.3
}