{
  "best_epoch": 33,
  "best_monitor_value": 0.6656233083000498,
  "monitor_name": "val_pr_auc",
  "val_metrics": {
    "pr_auc": 0.6656233083000498,
    "roc_auc": 0.7843360115789071,
    "f1": 0.5796703716182858,
    "mcc": 0.3065862717349287,
    "precision": 0.4230231518142744,
    "recall": 0.9205560944067248,
    "signal_recall_at_0.30": 0.5367895247332687,
    "signal_recall_at_0.50": 0.7465826058842547,
    "signal_recall_at_0.70": 0.8912932428063369,
    "loss": 0.42754598443048547
  },
  "test_metrics": {
    "pr_auc": 0.617213601822715,
    "roc_auc": 0.7805664189553292,
    "f1": 0.5463042423112723,
    "mcc": 0.3136337214171017,
    "precision": 0.3961284479036114,
    "recall": 0.879871180546079,
    "signal_recall_at_0.30": 0.542562275082559,
    "signal_recall_at_0.50": 0.7555705446364867,
    "signal_recall_at_0.70": 0.8966325253525574,
    "loss": 0.40503569894101993
  },
  "val_confusion_matrix": {
    "threshold": 0.3,
    "tn": 226602,
    "fp": 388351,
    "fn": 24572,
    "tp": 284728,
    "matrix": [
      [
        226602,
        388351
      ],
      [
        24572,
        284728
      ]
    ]
  },
  "test_confusion_matrix": {
    "threshold": 0.3,
    "tn": 282132,
    "fp": 344022,
    "fn": 30811,
    "tp": 225672,
    "matrix": [
      [
        282132,
        344022
      ],
      [
        30811,
        225672
      ]
    ]
  },
  "threshold_for_binary_metrics": 0.3
}