{
  "best_epoch": 50,
  "best_monitor_value": 0.6498853552779759,
  "monitor_name": "val_pr_auc",
  "val_metrics": {
    "pr_auc": 0.6498853552779759,
    "roc_auc": 0.8005974262207664,
    "f1": 0.5327635868171281,
    "mcc": 0.271514430287971,
    "precision": 0.36766174944475155,
    "recall": 0.9670067012058089,
    "signal_recall_at_0.30": 0.5500371155479709,
    "signal_recall_at_0.50": 0.7611059668026294,
    "signal_recall_at_0.70": 0.8997982240656703,
    "loss": 1.022272108636739
  },
  "test_metrics": {
    "pr_auc": 0.32715650557891013,
    "roc_auc": 0.8076352205512274,
    "f1": 0.3313109058753713,
    "mcc": 0.2934458631191761,
    "precision": 0.22809532987590175,
    "recall": 0.6051458945210866,
    "signal_recall_at_0.30": 0.6422946938266884,
    "signal_recall_at_0.50": 0.8078491488680579,
    "signal_recall_at_0.70": 0.9254488772964878,
    "loss": 0.7375257715198429
  },
  "val_confusion_matrix": {
    "threshold": 0.5,
    "tn": 236748,
    "fp": 651985,
    "fn": 12934,
    "tp": 379085,
    "matrix": [
      [
        236748,
        651985
      ],
      [
        12934,
        379085
      ]
    ]
  },
  "test_confusion_matrix": {
    "threshold": 0.5,
    "tn": 10092566,
    "fp": 1906339,
    "fn": 367561,
    "tp": 563317,
    "matrix": [
      [
        10092566,
        1906339
      ],
      [
        367561,
        563317
      ]
    ]
  },
  "threshold_for_binary_metrics": 0.5
}