{
  "best_epoch": 44,
  "best_monitor_value": 0.6556424026662185,
  "monitor_name": "val_pr_auc",
  "val_metrics": {
    "pr_auc": 0.6556424026662185,
    "roc_auc": 0.7762690536162661,
    "f1": 0.604245856773605,
    "mcc": 0.3532227884290152,
    "precision": 0.47759108901223535,
    "recall": 0.8223213708373747,
    "signal_recall_at_0.30": 0.5268541868735855,
    "signal_recall_at_0.50": 0.7400258648561268,
    "signal_recall_at_0.70": 0.8862043323634012,
    "loss": 0.44302156764397216
  },
  "test_metrics": {
    "pr_auc": 0.609053408366419,
    "roc_auc": 0.772987657887654,
    "f1": 0.571519986909637,
    "mcc": 0.35563168036153775,
    "precision": 0.4570083413163859,
    "recall": 0.7626041492028711,
    "signal_recall_at_0.30": 0.5360940101293263,
    "signal_recall_at_0.50": 0.7489073349890636,
    "signal_recall_at_0.70": 0.8915366710464241,
    "loss": 0.4196244639391277
  },
  "val_confusion_matrix": {
    "threshold": 0.4,
    "tn": 336741,
    "fp": 278212,
    "fn": 54956,
    "tp": 254344,
    "matrix": [
      [
        336741,
        278212
      ],
      [
        54956,
        254344
      ]
    ]
  },
  "test_confusion_matrix": {
    "threshold": 0.4,
    "tn": 393759,
    "fp": 232395,
    "fn": 60888,
    "tp": 195595,
    "matrix": [
      [
        393759,
        232395
      ],
      [
        60888,
        195595
      ]
    ]
  },
  "threshold_for_binary_metrics": 0.4
}