{
  "best_epoch": 35,
  "best_monitor_value": 0.6511570109516683,
  "monitor_name": "val_pr_auc",
  "val_metrics": {
    "pr_auc": 0.6511570109516683,
    "roc_auc": 0.7748281328231315,
    "f1": 0.5740880376004447,
    "mcc": 0.293348561000393,
    "precision": 0.4175972354973899,
    "recall": 0.9181603621079858,
    "signal_recall_at_0.30": 0.5266084707403815,
    "signal_recall_at_0.50": 0.7393889427740058,
    "signal_recall_at_0.70": 0.8868962172647915,
    "loss": 0.4396051402128464
  },
  "test_metrics": {
    "pr_auc": 0.6013034543072143,
    "roc_auc": 0.7696812328365192,
    "f1": 0.536044603233853,
    "mcc": 0.29346996928423547,
    "precision": 0.3850514639037661,
    "recall": 0.8818518186390522,
    "signal_recall_at_0.30": 0.5337546737990432,
    "signal_recall_at_0.50": 0.7463145705563332,
    "signal_recall_at_0.70": 0.8897119887088033,
    "loss": 0.4171506958091129
  },
  "val_confusion_matrix": {
    "threshold": 0.3,
    "tn": 218890,
    "fp": 396063,
    "fn": 25313,
    "tp": 283987,
    "matrix": [
      [
        218890,
        396063
      ],
      [
        25313,
        283987
      ]
    ]
  },
  "test_confusion_matrix": {
    "threshold": 0.3,
    "tn": 264932,
    "fp": 361222,
    "fn": 30303,
    "tp": 226180,
    "matrix": [
      [
        264932,
        361222
      ],
      [
        30303,
        226180
      ]
    ]
  },
  "threshold_for_binary_metrics": 0.3
}