{
  "best_epoch": 26,
  "best_monitor_value": 0.6566176193466254,
  "monitor_name": "val_pr_auc",
  "val_metrics": {
    "pr_auc": 0.6566176193466254,
    "roc_auc": 0.7784330269307604,
    "f1": 0.5736262634365474,
    "mcc": 0.29331236058757754,
    "precision": 0.4157577255152766,
    "recall": 0.924775299062399,
    "signal_recall_at_0.30": 0.5284125444552215,
    "signal_recall_at_0.50": 0.7424733268671193,
    "signal_recall_at_0.70": 0.8888781118655027,
    "loss": 0.4330754954009826
  },
  "test_metrics": {
    "pr_auc": 0.6060276387386145,
    "roc_auc": 0.7732775344062375,
    "f1": 0.5358694747552183,
    "mcc": 0.294342535910035,
    "precision": 0.3831173402343855,
    "recall": 0.8911974672785331,
    "signal_recall_at_0.30": 0.5341679565507266,
    "signal_recall_at_0.50": 0.7489034360951798,
    "signal_recall_at_0.70": 0.8918875714959666,
    "loss": 0.41161243576092627
  },
  "val_confusion_matrix": {
    "threshold": 0.3,
    "tn": 213006,
    "fp": 401947,
    "fn": 23267,
    "tp": 286033,
    "matrix": [
      [
        213006,
        401947
      ],
      [
        23267,
        286033
      ]
    ]
  },
  "test_confusion_matrix": {
    "threshold": 0.3,
    "tn": 258107,
    "fp": 368047,
    "fn": 27906,
    "tp": 228577,
    "matrix": [
      [
        258107,
        368047
      ],
      [
        27906,
        228577
      ]
    ]
  },
  "threshold_for_binary_metrics": 0.3
}