{
  "best_epoch": 54,
  "best_monitor_value": 0.6007118341217693,
  "monitor_name": "val_pr_auc",
  "val_metrics": {
    "pr_auc": 0.6007118341217693,
    "roc_auc": 0.7606734327649378,
    "f1": 0.5212357066896968,
    "mcc": 0.25666467714039076,
    "precision": 0.3644126990523396,
    "recall": 0.9150016526472711,
    "signal_recall_at_0.30": 0.5223596430281895,
    "signal_recall_at_0.50": 0.7279523363036015,
    "signal_recall_at_0.70": 0.8745843086200733,
    "loss": 0.2630933359884977
  },
  "test_metrics": {
    "pr_auc": 0.5744764530275106,
    "roc_auc": 0.7635915172523271,
    "f1": 0.5062031863274099,
    "mcc": 0.27519878034977924,
    "precision": 0.3560156293922528,
    "recall": 0.8755668934240363,
    "signal_recall_at_0.30": 0.5343754032778423,
    "signal_recall_at_0.50": 0.7402084139889018,
    "signal_recall_at_0.70": 0.8824133989639216,
    "loss": 0.3211712552506823
  },
  "val_confusion_matrix": {
    "threshold": 0.3,
    "tn": 469025,
    "fp": 946345,
    "fn": 50403,
    "tp": 542585,
    "matrix": [
      [
        469025,
        946345
      ],
      [
        50403,
        542585
      ]
    ]
  },
  "test_confusion_matrix": {
    "threshold": 0.3,
    "tn": 494540,
    "fp": 687273,
    "fn": 53997,
    "tp": 379947,
    "matrix": [
      [
        494540,
        687273
      ],
      [
        53997,
        379947
      ]
    ]
  },
  "threshold_for_binary_metrics": 0.3
}